name, number
Erdaut,+77770290787
Gabdyq,+77077525167
Karina,+77788904739
Sabina,+77233445612
Rona,+77023451287
Elena,+77848485356
Liza,+77232347651
Stefania,+637753065204
John,+867017522341
Courtenay,+512377834452
Misty,+826555179352
Zorine,+336067640461
Lowrance,+76496182857
Krystle,+861308705652
Wyndham,+301411636379
Manya,+2389187540259
Angelika,+635145584608
Franchot,+926448134984
Elvira,+77782975891
Jacky,+2498638045504
Catie,+3806636250707
Gale,+849801867053
Titos,+821084705281
Antonina,+629699543625
Baillie,+868256190135